Topic,Count,Name,Representation,Representative_Docs
0,3089,0_rangée_astre_nef_jet,"['rangée', 'astre', 'nef', 'jet', 'massif', 'étincelle', 'pan', 'charpente', 'cage', 'verdâtre']","['promenade charme silence fraîcheur moment sorte rotonde habitude allée ruisseau lac surface net acier ligne arbre large nappe ciel salle verdure bord flaque jonc flexible tapis herbe court montant pied arbre haut broussaille clairière mur impénétrable joie retraite sauvage doux source bloc énorme couvert sommet ronce pendant ombre bleuâtre mince filet souplesse couleuvre fond grotte plein plante grimpant paroi humidité', 'nappe galerie central fond flamme escalier pont volant guipure fer mosaïque faïence frise miroitaient rouge peinture feu braise vif étalage palais gant cravate girandole ruban dentelle haut pile lainage calicot parterre soie léger foulard glace exposition ombrelle rondeur bouclier reflet métal lointain coulée ombre comptoir éclatant cohue blond soleil dernier surchauffer assaut magasin pays horde envahissant débâcle marchandise', 'rez-de-chaussée étoffe vitrine décoration sobre soubassement marbre vert pile angle pilier appui marbre noir sévérité cartouche doré glace tain châssis fer glace profondeur galerie hall plein rue mesure étalage ton éclatant frise rez-de-chaussée mosaïque guirlande fleur rouge bleu plaque marbre graver nom marchandise ceignant colosse soubassement étage brique glace large baie frise écusson doré arme ville motif cuit émail teinte clair soubassement haut floraison ardent façade entier mosaïque faïence coloration chaud zinc chêneau doré acrotère peuple statue cité industriel manufacturier plein soleil fin silhouette']"
1,2493,1_nation_catholicisme_universel_dogme,"['nation', 'catholicisme', 'universel', 'dogme', 'évolution', 'démocratie', 'domaine', 'jésuite', 'christianisme', 'association']","['province peuple peuple race race humanité immortel humanité frontière guerre humanité travail communauté universel bien évolution but labeur dénouement histoire peuple sain entente fraternité race latin commencement fraternité universel patrie unique heureux siècle rêve gare bousculade billet bagage', 'livre discussion inutile puissance église début communauté chrétien délicieux peinture église voie fois conduite sorte bout nombre siècle église attaque temporel faute impardonnable crime papauté domaine peuple religion nouveau écroulement final religion anarchie moral liberté schisme mot destruction édifice divin catholicisme séculaire prodigieux sagesse solidité', 'religion nouveau religion découverte but salut social bonheur humain autorité moral lointaine organisation admirable outil gouvernement peuple période lent formation influence œuvre rapport évêque pape cardinal récompense admirable charité sourd opposition entourage prélat français esprit libre diocèse contact apôtre pasteur âme chef simple communauté futur']"
2,2463,2_crédit_achat_centime_loyer,"['crédit', 'achat', 'centime', 'loyer', 'dot', 'lot', 'bail', 'augmentation', 'financier', 'chapelier']","['impatience moment point syndicat brusque idée affaire princesse million nécessaire lancement opération superbe clientèle futur augmentation capital foi absolu conviction placement fortune fortune pauvre aumône large matin princesse ami affaire raison mécanisme banque portefeuille entreprise faculté propre enthousiasme foi désir rêve fou papauté triomphe définitif catholicisme pape lieu saint budget royal grâce création', 'silence plume question bref renseignement sujet mise vente nouveauté hiver lieu lundi gros affaire maison fortune bruit quartier fond vérité poète spéculation faste besoin colossal sens négoce apparent fantaisie commercial premier succès intéressé bas patron magasin augmentation clientèle argent caisse carte comptoir entassement marchandise sou réserve', 'emploi grenetier contrôleur orphelin soixantaine franc priver place révolution idée fortune vol brigand républicain vente bien national contrée flaira calcula franc peine valeur réel hectare borderie ancien domaine paysan écu bourgeois robin financier profit mesure révolutionnaire spéculation ferme prix fin trouble argent directoire dépréciation propriété bénéfice rêver']"
3,2193,3_félicité_union_renoncement_anéantissement,"['félicité', 'union', 'renoncement', 'anéantissement', 'insu', 'charnel', 'spectre', 'abnégation', 'châtiment', 'contact']","['robe simple pied soir lassitude dégoût plaisir vrai bleu caressant noir temps désir effroyable volupté viol étreinte brutal fou vengeance rage besogne peau four muscle ringard ardent odorant roussi diabolique enfer curieux pervers besoin exaspérer sensation nouveau spasme aigu travailleur oisif correct indifférent sourd rancune prise colère grandissant pensée mépris insultant doléance ennui désespoir train', 'fond stupeur souvenir éclair brusque mémoire masse lenteur cerveau état demi-sommeil fois phrase éveillé cauchemar année amour possession tiède poitrine blanc douceur étreinte baiser échanger jadi entier tendresse foi absolu pensée sein', 'bonheur sagesse logique bonheur couple fleuri choix amour libre loi mariage consentement mutuel école atelier floraison long intimité long union fidèle nombre ensemble ensemble don délicieux être droit égal tendresse égal liberté entier séparation gré commune difficulté âpre duel question sexe ennemi sauvage irréconciliable résolu solution compagne libre place égal indispensable couple amour']"
4,1863,4_eminence_vicaire_baron_républicain,"['eminence', 'vicaire', 'baron', 'républicain', 'demain', 'audience', 'excellence', 'croyez', 'obligeance', 'certificat']","['soir antichambre sourire face rose prélat aimable soutane fin ceinture soie violette luxe discret doux courtois égard abbé sérieux ami histoire demi-voi famille noble héros premier étude jésuite philosophie théologie jésuite prêtre nonce titre secrétaire particulier auditeur nonciature', 'préfet taille compliment ministre correct rougon préfet instruction donnée vif révolutionnaire doigt catastrophe épouvantable pays énergique protection gouvernement côté majesté empereur exemple présent abuser bonté fond fauteuil gros cachet manche agate préfet membre phrase vif mouvement', 'premier président procureur général cours impérial général brigade contre-amirau évêque maire chef lieu préfecture classe baron service baron demi-voi collègue élevé mine grave plaisanterie empereur lecture -vou projet hésitation interrogation majesté -vou projet tranquille']"
5,1024,5_sai_fasse_pense_moi,"['sai', 'fasse', 'pense', 'moi', 'aime', 'aie', 'catéchisme', 'désire', 'répond', 'meure']","['occasion classe présence maman catéchisme pardon chéri simple catéchisme communion rire ironique fou ami communion situation', 'chéri besoin après-midi classe travail salut côté chéri chéri obscurcir esprit cœur corrupteur empoisonneur tai malheureux œuvre mensonge poison blasphème vérité justice immonde diable diable classe misérable stupide', 'messager embrasse immobile geste haine ouvrier acte infâme heureux victoire criminel religion pays famille ruine boue juif immonde scélérat douceur chéri intelligent autrefoi pareil monstruosité vrai erreur contagieux point solide raison réfléchi affaire innocent bagne iniquité affreux poison pourriture social nation']"
6,1159,6_canon_barricade_batterie_national,"['canon', 'barricade', 'batterie', 'national', 'obu', 'septième', 'division', 'maréchal', 'artillerie', 'cinquième']","['véritable stupéfaction route division cavalerie réserve septième corps flanc gauche armée bruit aile centre inutilité absolu cavalier éclaireur lieue distance pis mouvement septième corps colonne inextricable embarras canon cheval chasseur porte hasard cheval bord mare instant chasseur hébété uhlan bougre histoire uhlan galop ville revolver poing traversant conquérant kilomètre corps armée', 'armée moment rive gauche armée allemand immobile face camp fleuve amont long rive gauche premier feu soir victoire lendemain corps français maître position cheval mouvement tournant armée allemand corps rive gauche troisième quatrième arrière effroyable carrefour route attaque audacieux cavalerie artillerie prussien route matin bataille lent confus poignée inexplicable crainte bataille immense lieue coteau plaine front flanc prodige ennemi temps plan prussien côté fleuve', 'explication vif général deuxième division convoi marche division lourd avant-garde lent route nord hâte maréchal fleuve armée ennemi rive droite soir arrière-garde batterie prussien sommet lointain côté jeu veille tort dernier troupe 106e route fond défilé haut mamelon']"
7,1507,7_serrure_insomnie_respiration_ronflement,"['serrure', 'insomnie', 'respiration', 'ronflement', 'ensommeillé', 'coucou', 'cuvette', 'veilleuse', 'pendule', 'clé']","['clarisse étroite antichambre bruit porte chambre bas verrou temps vue trou serrure simple chambre cabinet toilette porte fermé clef clef fond tiroir sorte grâce porte bruit cabinet toilette chambre portière', 'montant bureau serrure table côté chandelle cuisine mèche lugubre charbonnait foi torticolis plaisir minuit maison cri étage plainte sourd véritable hurlement appel rauque victime sursaut peine temps jupon cri maison épaule couvert simple fichu peine gris', 'veston chaise clef moment net sensation matin simple pantalon pied pantoufle poitrine chemise défaite porte salle bougeoir savai voleur assassine vrai pied mule toile jambe épaule peine court jupon chemise prudence bougie volet fenêtre orage face midi ciel ténébreux continuel éclair objet phosphorescence livide']"
8,1531,8_conjugal_droiture_profit_séduction,"['conjugal', 'droiture', 'profit', 'séduction', 'fille', 'confident', 'tolérant', 'entente', 'vieillesse', 'pervers']","['favorable mari sorte complicité tendre tolérant charme amour bouleversée romanesque tragique sang net plein dédain argent nièce honte question héritage coupable prétendre aveu mémoire président vérité instruction honneur famille amertume société affaire bruit société âge opulent beauté blond déesse', 'année avis lieu pension plainte raison intéresser instruction rajeunie idée enseignement pension vilain parfait innocence élève fond arithmétique traité histoire résumé mythologie férule leçon dictée problème récitation chambre cousin salle étude piano maintien tante principe allure garçonnier docile intelligent matière livre catéchisme', 'légation dame terme favorable comte comtesse relation point année précédent prince allemand duchesse histoire mort comte légende compliqué ménage mari foule aventure débordement mutuel divorce raccommodement sorte concubinage ambassade courant cour roi net comtesse influence ancien liaison haut personnage scandale énorme']"
9,1140,9_gage_dot_interrompit_gueux,"['gage', 'dot', 'interrompit', 'gueux', 'chose', 'pistole', 'gredin', 'radis', 'patriote', 'pension']","['liard paire bottine ami propre faute faute tromper tromper épouse fanfaron bel avenir ami fils patron frère fichu associé cristallerie premier maison caissier subalterne gage', 'franc majeur mois jeu maîtresse gros somme franc billet billet débiteur majorité propriété excellent affaire murmure flatteur parole usurier lendemain visite maîtresse comte amant billet franc pied poing nouveau emprunt fois cession propriété mois fou argent registre', 'prix tableau inconnu affaire engagement amateur risque placement fond temps case sorte année vanité espoir gain prix cote amateur lieu tableau hausse train peinture terrain louche mine butte banquier billet banque']"
10,632,10_ignorai_virginité_songe_déchirement,"['ignorai', 'virginité', 'songe', 'déchirement', 'embrassement', 'supplie', 'surhumain', 'mansarde', 'rédemption', 'pâquerette']","['angoisse épouvante tordre jalousie crime chancelant mur fenêtre besoin souffrance cuisant volupté déchirement muraille face noir toile drame sortant joindre couche divinité prière parole lèvre grelottant travers paupière lueur chandelle table face large horizon rose figure lamentable', 'pauvre fierté banal consolation égal misère froid cœur sœur vice timide honteux noble front haut solitude hôtesse ange gardien muse compagne rude encourageant faite science pain mâle caresse âpre blessure bien lampe hiver côté glacé silencieux table austère vérité', 'lèvre flamme subtil bouche noce archange tressailleront allégresse vierge vierge baiser doux blancheur vierge amour aile cygne nuée pureté maîtresse lumière caresse jouissance âme perfection rêve surhumain désir délice ciel élection eunuque peur trésor virginité abbé dent fièvre carreau large fenêtre rideau calicot chambre blancheur tamiser']"
11,1299,11_blanchisseur_confection_côtelette_ménagère,"['blanchisseur', 'confection', 'côtelette', 'ménagère', 'torchon', 'peignoir', 'casserole', 'lingerie', 'propreté', 'lainage']","['soie lainage confection dame manteau taffetas faille comptoir vente pièce plein queue bout porte dentelle lingerie face fond client taille vêtement rein cambré glace moquette rouge bruit haut lointain rez-de-chaussée murmure discret chaleur salon cohue', 'bout achat gauche blanc torchon tour lainage fond galerie cuisinière robe rayon lainage foule compact petites-bourgeoise tâtaient étoffe muet calcul instant case gros pièce vendeur brusque effort comptoir tissu mer montant teinte neutre ton sourd laine gris fer gris gris bleu bariolure écossais fond rouge sang flanelle', 'robe costume confection gâchis dilataient défilé riche mari raison ordre magasin bêtise palier central chaise peine palier déballage article coupe zinc doré nécessaire cave liqueur camelote foule vendeur table curiosité bibelot prix client succès inattendu vente']"
12,1507,12_champagne_altesse_baron_orchestre,"['champagne', 'altesse', 'baron', 'orchestre', 'journaliste', 'tribune', 'cravate', 'guichet', 'figurant', 'répétition']","['soupir soulagement dernier réplique acte répétition comte politesse exagéré acteur dos nerveux loge baignoire couloir fauteuil orchestre ombre bout corridor scène étroit boyau gaz', 'dernier sortant table ministre écart point heureux discours rendez-vous demie préfecture maire adjoint ensemble maire balbutiait désespoir veille adjoint fatigue président tribunal civil procureur impérial substitut ingénieur chef file receveur général directeur contribution direct conservateur hypothèque', 'dame proviseur joli blonde vêtue toilette bleu ciel piquant gros émotion mari lycée attaque goutte veille soir personnage colonel 78e ligne caserné président tribunal commerce juge paix ville conservateur forêt demoiselle conseiller municipal délégué société statistique conseil prud’homme réception lieu salon préfecture présentation']"
13,901,13_invitation_familiarité_campardon_comité,"['invitation', 'familiarité', 'campardon', 'comité', 'cocotte', 'mademoiselle', 'chic', 'anglais', 'protégé', 'ennuyeux']","['horreur saint sérieux musique allemand conviction refrain égrillard belle-mère party hiver patin mode empereur premier glace lac costume complet polonais velours fourrure botte mou bonnet froid loup nez lèvre vent sable fin visage froid gris filet neige semblable long branche mince guipure', 'attentif concierge maison retrait rez-de-chaussée entrepositaire citron orange façade bleu étage ménage clé armoire tisane enrhumé sévère année interminable taille sangsue endroit délicat chute mercredi soir café loge amitié marchand volaille maison', 'soierie pareil détour regard reconnaissant demoiselle genre aventure extraordinaire client comptoir baronne architecte erreur métrage hâblerie normand fond brasserie café concert nouveauté rage dépense semaine entier rayon âpreté avare désir dimanche argent volée champ course travers restaurant bal économie avance gain insouciance absolu lendemain']"
14,795,14_hurlement_rauque_pan_fesse,"['hurlement', 'rauque', 'pan', 'fesse', 'hoquet', 'hémorragie', 'artère', 'garce', 'bouillie', 'étau']","['jambe fracturer douleur pesanteur plomb inquiétant blessure ventre poitrine flanc déchirure affreux nœud entrailles peau rein attitude contorsion frénétique part part poumon trou mince fente béant flot rouge hémorragie interne point délirant noir mâchoire fracasser bouillie sanglant dent langue orbite moitié crâne cervelle', 'misérable robe lambeau jupe court pied soulier châle tartan corps châle demi-nu violet froid visage mouchoir menton expression ignoble hébétement boisson masque crapuleux lèvre décoloré pendant clignotant rougir rauque hoquet parole geste vague grâce ordurier ancien danse échevelé lamentable immonde créature débauche frisson absinthe chair esprit sorte stupeur ricanement nerveux exaltation soudain', 'phtisique fièvre dysenterie peau livide maigreur squelette difformité contracture taille cou travers pauvre être cassé posture pantin tragique triste rachitique teint cire nuque frêle humeur froid jaune stupeur douloureux misérable cancer blêmissante choc tumeur pesant angoisse étouffait banc sourd ahuri aveugle haut droite fou imbécillité nez chancre rire terrifiant bouche vide noir épileptique récent crise pâleur mort écume coin lèvre']"
15,960,15_candide_puberté_déesse_fossette,"['candide', 'puberté', 'déesse', 'fossette', 'puérilité', 'lis', 'virginité', 'physionomie', 'rondeur', 'bandeau']","['âge caractère osseux maigreur chevalier puberté peine joue menton poil follet rudesse mollesse charmant coin physionomie vague enfantin noir tendre adolescence douceur masque énergique joli ensemble trait ardent sympathique beauté enthousiasme force province porte chaud soirée juillet pierre tombal clarté lune long poitrine jambe', 'prêtresse sanctuaire orfroi dalmatique reflet mauve vitrail mince beauté brun adorable délicieux visage vierge doux ovale allongé nez fin bouche joue candide menton naïf bandeau cheveu noir épais lourd front raison célébrité joli infinie pureté bleu innocence pudique contraste abominable fond perversité monstrueux terreau ville goût fantaisie extraordinaire', 'visage contraire délicatesse exquis voluptueux mollesse attache joue coin bouche léger fossette menton mince nerveux sorte renflement cou trait tendre rigide gras mobile couvert duvet soyeux plan flexible finesse adorable endroit duvet lèvre fort rose vif rouge visage blanc fois sévère enfantin étrange physionomie austérité puérilité lèvre moment réflexion colère front dur nerveux nez mat masque solide énergique']"
16,1331,16_peignoir_veau_mademoiselle_flore,"['peignoir', 'veau', 'mademoiselle', 'flore', 'accouchement', 'coquelicot', 'effarouché', 'mercier', 'brioche', 'confiture']","['tour seuil maison débarrassa pain solide dent froid légèreté oiseau nid porte fardeau pièce rue salon pan broderie fenêtre carré cuisine ancien salle commun intact poutre apparent dallage endroit vaste cheminée manteau pierre planche ustensile pot bouilloire bassine siècle faïence grès étain', 'premier fièvre blessé intense matin docteur prétexte ambulance balle tibia mauvais aspect plaie présence introuvable sonde obligeât résection pensée raccourcissement jambe boiteux révolter docteur blessure observation charpie huile olive acide phénique fond plaie drain tube caoutchouc écoulement', 'sûr tour idée faite plaisir refourrer lit bruit botte gelé jardin bouchon rhum biscuit clef pièce propreté froid salle table descente matinal veille débandade serviette domestique court allée étroit potager fortune compromettre denier risque']"
17,605,17_paraphe_version_expert_cachet,"['paraphe', 'version', 'expert', 'cachet', 'jury', 'accusé', 'culpabilité', 'juré', 'déposition', 'interrogatoire']","['audience lendemain grave passionnant chef jury tour conscience président juré désireux application peine lettre lettre post-scriptum paraphe modèle écriture juré culpabilité accusé douté heureux certitude paix conscience illégalité pareil communication tourment post-scriptum paraphe faux faute involontaire chrétien', 'résultat utilisable incident trouble grâce doute esprit jury terreur congrégation nouveau incident déposition expert sieur stupéfaction général initiale enlacer paraphe modèle écriture somme modèle écriture unique pièce procès affaire déposition extraordinaire expert gravité extrême condamnation débat président barre', 'communication illégal lettre post-scriptum faux paraphe fameux modèle écriture prétendu confession ouvrier faux cachet instituteur hôpital religieuse confession poche foudre bout membre jury dévot faible saint religieux scandale abominable attitude jury innocent moyenne intelligence honnêteté raison secret conscience premier juré question juré saugrenu']"
18,1039,18_contraction_défaillant_toux_délire,"['contraction', 'défaillant', 'toux', 'délire', 'colique', 'convulsion', 'pansement', 'poumon', 'barque', 'tressaillit']","['docteur long doigt souple pression léger col intensité accès mouvement inerte lit corps allongé étendu oreiller poitrine baisa demi-voi croyez accès geste évasif cas violent verre carafe verre moitié nouveau flacon goutte aide dent cuillerée potion', 'prudence colchique lithine épuisement sang organe débilité goutte aigu goutte chronique traitement local sangsue articulation rigide opium crise vésicatoire ulcération saison chien pied agitation anxieux position jambe accès mouvement plainte hurlement continu paroxysme douleur', 'psyché face toilette marbre blanc garni débandade flacon boîte cristal huile essence poudre comte psyché rouge fin goutte sueur front toilette cuvette plein savonneux outil ivoire épars éponge humide instant sentiment vertige visite pied tapis épais loge bec gaz toilette psyché sifflement flamme tempe moment odeur plafond bord divan capitonner fenêtre']"
19,585,19_faite_songer_conjure_croyez,"['faite', 'songer', 'conjure', 'croyez', 'supplie', 'suffoquée', 'antéchrist', 'répète', 'eminence', 'défendez']","['malheureux argent geste superbe refus amant porte époux instant silence choc inévitable lèvre point nouveau souffrance minute cruel méfiance anxiété surprise désespéré attaque imprévu malheur résignation plein effroi souriant avenir tendresse frémissant dur implacable difficulté brusque changement inquiétude terrible secousse contrecoup', 'vérité manière eminence cardinal figue mûr panier fin saison sucrer grâce bonheur salut taille osseux scène clergé environ voyage scagnozzo prêtre misérable affamé province fâcheux aventure pavé quête pain quotidien tourbe mendiant soutane fortune miette église messe hasard peuple fond cabaret famé', 'doute accord joli geste plaisant simple revendication droit clair égal nature unique affaire difficulté éternel content pédanterie portant aplomb moral physique souvenir flamme ardeur étude turbulence récréation party fou compagne cheveu vent lycée préjugé prévention fonctionnaire professeur professorat lycée diplôme définitif']"
20,526,20_ébauche_jury_original_palette,"['ébauche', 'jury', 'original', 'palette', 'pinceau', 'esquisse', 'académie', 'critique', 'artistique', 'mode']","['silence tableau marche route fois toile semaine divan hâte fonds quai pointe triomphal cité état ébauche ébauche magistral peintre peur rêve gauche groupe excellent débardeur sac plâtre morceau bel puissance facture barque tableau flamboiement chair place figure fièvre éclat grandissement hallucination fausseté étrange déconcertant réalité voisin', 'héroïsme permission bien travail foule goguenard matin fonds figure croquis atelier fois tableau rude facture adoucissement morne vitrage ami chef œuvre bruit stupeur indignation rumeur refus jury parti niable étranglement systématique artiste original emportement colère tableau menteur déshonnête exécrable', 'fameux allure gentilhomme jaquette fantaisie brillant cravate pommadé verni train voiture mois fauteuil table décent spéculateur boursier peinture unique flair succès artiste génie peintre talent menteur faux hardiesse prime marché bourgeois marché ancien amateur goût amateur riche art tableau valeur vanité espoir']"
21,779,21_saillant_pommette_orateur_aigle,"['saillant', 'pommette', 'orateur', 'aigle', 'figuier', 'prune', 'discours', 'massif', 'tribune', 'noueux']","['beau correct beston campagne monocle bellâtre gris nez moustache boucle cheveu brun front étroit commencement calvitie cher grasseyement merci fort poignée anglaise cher ordre victoria allée orme ménage table pierre râbler bouledogue massif court mâchoire nez camus gros fleur joue coloré demi épai collier barbe noir allure militaire autoritaire rigide', 'ancien paysan fils jardinier frère ignorantin gaillard maigre noueux front dur pommette saillant bouche épais nez bec aigle sorte tic retroussement lèvre supérieur gauche dent solide sorte rictus involontaire violence robe noir rabat blanc propreté douteux frémissement auditoire avocat frère duel question épée réponse coupant parade soirée meurtre temps témoin école', 'martyr liberté railleur fois probité intransigeant gêne politique précaution vieillard sec mince nez bec aigle brûlant profonde arcade sourcilier embroussaillée long poil blanc bouche édenté fin barbe neige couronne cheveu blancheur auréole boucle épaule favori gris cheveu gris brosse lunette jaune professeur chaire']"
